<?xml version="1.0" encoding="UTF-8"?>
<project-private xmlns="http://www.netbeans.org/ns/project-private/1">
    <editor-bookmarks xmlns="http://www.netbeans.org/ns/editor-bookmarks/2" lastBookmarkId="0"/>
    <open-files xmlns="http://www.netbeans.org/ns/projectui-open-files/2">
        <group>
            <file>file:/C:/Users/DELL/MPLABXProjects/vechicle.X/timer0.h</file>
            <file>file:/C:/Users/DELL/MPLABXProjects/vechicle.X/uart.h</file>
            <file>file:/C:/Users/DELL/MPLABXProjects/vechicle.X/uart.c</file>
            <file>file:/C:/Users/DELL/MPLABXProjects/vechicle.X/isr.c</file>
            <file>file:/C:/Users/DELL/MPLABXProjects/vechicle.X/digital_keypad.h</file>
            <file>file:/C:/Users/DELL/MPLABXProjects/vechicle.X/main.c</file>
            <file>file:/C:/Users/DELL/MPLABXProjects/vechicle.X/digitalkeypad.c</file>
            <file>file:/C:/Users/DELL/MPLABXProjects/vechicle.X/main.h</file>
            <file>file:/C:/Users/DELL/MPLABXProjects/vechicle.X/timer0.c</file>
        </group>
    </open-files>
</project-private>
